sprint,ambiguity_score,overload_score,risk_level
1,0.11833333333333336,0.53,Medium
2,0.11833333333333336,0.55,Medium
3,0.11833333333333336,0.36,Low
